{"cameraMode":{"drawMode":0,"name":"Shaded","section":"Shading Mode"},"sceneLighting":true,"audioPlay":false,"sceneViewState":{"m_AlwaysRefresh":false,"showFog":true,"showSkybox":true,"showFlares":true,"showImageEffects":true,"showParticleSystems":true,"showVisualEffectGraphs":true,"m_FxEnabled":false},"in2DMode":false,"pivot":{"x":-1.540395736694336,"y":-0.39159131050109866,"z":-6.462252616882324},"rotation":{"x":0.006942278239876032,"y":0.9853712320327759,"z":-0.16559478640556336,"w":0.04109325259923935},"size":5.009183406829834,"orthographic":false}