{"cameraMode":{"drawMode":0,"name":"Shaded","section":"Shading Mode"},"sceneLighting":false,"audioPlay":false,"sceneViewState":{"m_AlwaysRefresh":false,"showFog":true,"showSkybox":false,"showFlares":true,"showImageEffects":true,"showParticleSystems":true,"showVisualEffectGraphs":true,"m_FxEnabled":false},"in2DMode":false,"pivot":{"x":-2.7217233180999758,"y":1.3046845197677613,"z":1.5712471008300782},"rotation":{"x":0.040352482348680499,"y":0.8862825036048889,"z":-0.07863538712263107,"w":0.4546672999858856},"size":0.08660255372524262,"orthographic":false}