{"cameraMode":{"drawMode":0,"name":"Shaded","section":"Shading Mode"},"sceneLighting":false,"audioPlay":false,"sceneViewState":{"m_AlwaysRefresh":false,"showFog":true,"showSkybox":false,"showFlares":true,"showImageEffects":true,"showParticleSystems":true,"showVisualEffectGraphs":true,"m_FxEnabled":false},"in2DMode":false,"pivot":{"x":-1.7239618301391602,"y":2.0481719970703127,"z":-0.0013183951377868653},"rotation":{"x":0.19660258293151856,"y":0.03473982959985733,"z":-0.006913874298334122,"w":0.9799255728721619},"size":0.40499067306518557,"orthographic":false}